<?xml version="1.0" encoding="UTF-8" standalone="no"?>
<Proyecto>
    <Diagrama id="cbc89da8-5c69-4194-b391-8872c5fdc1a1">
        <Representacion id="45257a3f-519f-450f-b28d-b929a0af826d">
            <Dimension alto="50" ancho="80"/>
            <Posicion x="698" y="394"/>
        </Representacion>
        <Representacion id="19f76d7b-d0b6-49b8-a65e-493e28a112a2">
            <Dimension alto="50" ancho="80"/>
            <Posicion x="240" y="392"/>
        </Representacion>
        <Representacion id="6d57136a-2d33-411b-86d5-519c38bb9f1c">
            <Label x="287" y="489"/>
            <Dimension alto="10" ancho="10"/>
            <Posicion x="303" y="477"/>
        </Representacion>
        <Representacion id="8cb225e1-ad2d-4d65-9a66-223eeb5a2bc0">
            <Label x="223" y="489"/>
            <Dimension alto="10" ancho="10"/>
            <Posicion x="240" y="476"/>
        </Representacion>
        <Representacion id="83d06104-4947-483d-aef1-dccab24dd8e9">
            <Dimension alto="50" ancho="80"/>
            <Posicion x="240" y="231"/>
        </Representacion>
        <Representacion id="c6d954d1-8d64-4fdb-8057-668ab658046f">
            <Label x="198" y="169"/>
            <Dimension alto="10" ancho="10"/>
            <Posicion x="220" y="187"/>
        </Representacion>
        <Representacion id="1ca859c2-d135-442c-a9b1-0f47d214f504">
            <Label x="283" y="166"/>
            <Dimension alto="10" ancho="10"/>
            <Posicion x="293" y="185"/>
        </Representacion>
        <Representacion id="9e43ed60-8ee8-440a-a071-62e6d04fe767">
            <Dimension alto="50" ancho="80"/>
            <Posicion x="577" y="391"/>
        </Representacion>
        <Representacion id="ec0dea2d-0e6e-43f1-9996-351c41d8d9f3">
            <Label x="578" y="323"/>
            <Dimension alto="10" ancho="10"/>
            <Posicion x="584" y="341"/>
        </Representacion>
        <Representacion id="11c95ac8-a8d0-4e43-8483-3acaee160a47">
            <Label x="625" y="322"/>
            <Dimension alto="10" ancho="10"/>
            <Posicion x="631" y="340"/>
        </Representacion>
        <Representacion id="29168e4b-4bff-4147-81dd-e2a977d05bae">
            <Dimension alto="50" ancho="80"/>
            <Posicion x="416" y="393"/>
        </Representacion>
        <Representacion id="b16bf6b9-b240-41d2-9f75-28174af8e584">
            <Dimension alto="50" ancho="80"/>
            <Posicion x="700" y="226"/>
        </Representacion>
        <Representacion id="7f88a747-1a0b-4bea-9690-fb70147d18f2">
            <Label x="809" y="240"/>
            <Dimension alto="21" ancho="34"/>
            <Posicion x="799" y="238"/>
        </Representacion>
        <Representacion id="9075a4fa-527f-411a-8e2c-0a01b23693bd">
            <Label x="861" y="215"/>
            <Dimension alto="10" ancho="10"/>
            <Posicion x="846" y="221"/>
        </Representacion>
        <Representacion id="a64d4cf5-6c14-432b-b4b4-e8d558663f9c">
            <Label x="865" y="251"/>
            <Dimension alto="10" ancho="10"/>
            <Posicion x="851" y="257"/>
        </Representacion>
        <Representacion id="e717bd5a-6042-4325-82d9-1d9b44614737">
            <Label x="650" y="168"/>
            <Dimension alto="10" ancho="10"/>
            <Posicion x="656" y="186"/>
        </Representacion>
        <Representacion id="60644af0-5a43-4b3b-bd27-8d9257a23397">
            <Label x="768" y="154"/>
            <Dimension alto="10" ancho="10"/>
            <Posicion x="774" y="172"/>
        </Representacion>
        <Representacion id="f62e267a-1456-437c-87d7-38157a270856">
            <Label x="688" y="148"/>
            <Dimension alto="10" ancho="10"/>
            <Posicion x="707" y="171"/>
        </Representacion>
        <Representacion id="0dce2eef-4b18-4ce1-be1a-6545afdbcdbe">
            <Dimension alto="50" ancho="80"/>
            <Posicion x="416" y="232"/>
        </Representacion>
        <Representacion id="2bff9397-44b0-40d5-a72f-d354a54dad8a">
            <Label x="490" y="176"/>
            <Dimension alto="10" ancho="10"/>
            <Posicion x="501" y="195"/>
        </Representacion>
        <Representacion id="6174ed6f-03fa-4e63-a88d-59d238899c0c">
            <Label x="536" y="198"/>
            <Dimension alto="10" ancho="10"/>
            <Posicion x="521" y="208"/>
        </Representacion>
        <Representacion id="c0af7737-0581-4d9c-94a9-f8fc873cff70">
            <Label x="452" y="160"/>
            <Dimension alto="10" ancho="10"/>
            <Posicion x="463" y="178"/>
        </Representacion>
        <Representacion id="0c7fb983-58a3-41f9-bc2b-ddf58970fdf6">
            <Label x="520" y="247"/>
            <Dimension alto="21" ancho="68"/>
            <Posicion x="510" y="245"/>
        </Representacion>
        <Representacion id="ac8c8107-410a-48e8-be66-650aed4362fb">
            <Label x="611" y="230"/>
            <Dimension alto="10" ancho="10"/>
            <Posicion x="594" y="236"/>
        </Representacion>
        <Representacion id="42e90ef5-e0db-42c6-840b-fc2c8f6ac27e">
            <Label x="612" y="254"/>
            <Dimension alto="10" ancho="10"/>
            <Posicion x="596" y="260"/>
        </Representacion>
        <Representacion id="c1d481fe-e868-4f7b-9963-b6c9f75ef9be">
            <Label x="408" y="161"/>
            <Dimension alto="10" ancho="10"/>
            <Posicion x="417" y="178"/>
        </Representacion>
        <Representacion id="4ea5ad65-a8d3-4c0d-b1f4-4ad5ad83a349">
            <Label x="360" y="201"/>
            <Dimension alto="10" ancho="10"/>
            <Posicion x="366" y="219"/>
        </Representacion>
    </Diagrama>
</Proyecto>
