<?xml version="1.0" encoding="UTF-8" standalone="no"?>
<Proyecto>
    <Diagrama id="dd2b9d0b-7056-4633-b6ab-9d6b4da75ec0">
        <Representacion id="a08da8ff-2f28-41bf-af61-b7e467a851f3">
            <Dimension alto="50" ancho="80"/>
            <Posicion x="108" y="471"/>
        </Representacion>
        <Representacion id="5d455e3d-7592-4204-b49c-0a3a1aa1f94d">
            <Label x="40" y="408"/>
            <Dimension alto="10" ancho="10"/>
            <Posicion x="76" y="426"/>
        </Representacion>
        <Representacion id="b1d3686c-d207-4e26-9b46-9c35ad2bd69e">
            <Label x="110" y="416"/>
            <Dimension alto="10" ancho="10"/>
            <Posicion x="127" y="433"/>
        </Representacion>
        <Representacion id="eaa089df-19c8-438c-ab7e-5100e53f766f">
            <Label x="50" y="368"/>
            <Dimension alto="10" ancho="10"/>
            <Posicion x="81" y="386"/>
        </Representacion>
        <Representacion id="02ede24d-89c0-4864-85fe-742c3faaa054">
            <Label x="47" y="445"/>
            <Dimension alto="10" ancho="10"/>
            <Posicion x="76" y="460"/>
        </Representacion>
        <Representacion id="32826d05-48a5-43ee-8460-3e9d37bd3a09">
            <Dimension alto="50" ancho="80"/>
            <Posicion x="310" y="396"/>
        </Representacion>
        <Representacion id="4d199448-1d61-4f29-af99-469ba74b19e6">
            <Label x="203" y="449"/>
            <Dimension alto="10" ancho="10"/>
            <Posicion x="257" y="450"/>
        </Representacion>
        <Representacion id="a92df6ab-b1c8-4afd-ab0e-5b0bb25a133b">
            <Label x="263" y="374"/>
            <Dimension alto="10" ancho="10"/>
            <Posicion x="269" y="392"/>
        </Representacion>
        <Representacion id="bfdddf76-4ee1-4428-b89f-94e69d0ed312">
            <Label x="253" y="406"/>
            <Dimension alto="10" ancho="10"/>
            <Posicion x="259" y="424"/>
        </Representacion>
        <Representacion id="e5671a16-551c-4d61-8338-2e91a531600e">
            <Dimension alto="50" ancho="80"/>
            <Posicion x="108" y="293"/>
        </Representacion>
        <Representacion id="9464a785-b7d0-4d80-96df-849d6d0f8414">
            <Label x="94" y="254"/>
            <Dimension alto="10" ancho="10"/>
            <Posicion x="100" y="272"/>
        </Representacion>
        <Representacion id="e188c0d2-2326-41b8-b74f-dbda47a0acaf">
            <Label x="146" y="239"/>
            <Dimension alto="10" ancho="10"/>
            <Posicion x="159" y="258"/>
        </Representacion>
        <Representacion id="58b68f39-e5c4-4bed-992d-1218713309b9">
            <Dimension alto="0" ancho="0"/>
            <Posicion x="351" y="344"/>
        </Representacion>
        <Representacion id="a08e1863-c01a-40e0-ac3c-9d191faa957f">
            <Dimension alto="0" ancho="0"/>
            <Posicion x="349" y="451"/>
        </Representacion>
        <Representacion id="6a57e963-ae6c-49a5-9d05-805e41d80404">
            <Dimension alto="50" ancho="80"/>
            <Posicion x="308" y="506"/>
        </Representacion>
        <Representacion id="fccb49df-dd6f-4ab8-bcbc-b0899cbe7719">
            <Label x="249" y="484"/>
            <Dimension alto="10" ancho="10"/>
            <Posicion x="255" y="502"/>
        </Representacion>
        <Representacion id="812fd0b9-27f8-4661-82cd-700565e47acf">
            <Label x="248" y="515"/>
            <Dimension alto="10" ancho="10"/>
            <Posicion x="254" y="533"/>
        </Representacion>
        <Representacion id="a0d95bd6-c452-4d49-afff-42fd925ed222">
            <Dimension alto="50" ancho="80"/>
            <Posicion x="564" y="292"/>
        </Representacion>
        <Representacion id="622a244f-56d6-40b7-8dd5-098dac83b348">
            <Label x="685" y="305"/>
            <Dimension alto="21" ancho="55"/>
            <Posicion x="675" y="303"/>
        </Representacion>
        <Representacion id="174d9284-8604-4797-84da-77c650d43002">
            <Label x="713" y="255"/>
            <Dimension alto="10" ancho="10"/>
            <Posicion x="719" y="273"/>
        </Representacion>
        <Representacion id="8e78a4e5-2718-46bc-8aa4-32c43b5cf8b3">
            <Label x="689" y="354"/>
            <Dimension alto="10" ancho="10"/>
            <Posicion x="706" y="340"/>
        </Representacion>
        <Representacion id="8eda5e47-64aa-4d78-b1d2-9333b2fc4020">
            <Label x="673" y="259"/>
            <Dimension alto="10" ancho="10"/>
            <Posicion x="679" y="277"/>
        </Representacion>
        <Representacion id="e24b4a77-51a8-45f6-8d0b-35f66a050466">
            <Label x="525" y="247"/>
            <Dimension alto="10" ancho="10"/>
            <Posicion x="548" y="263"/>
        </Representacion>
        <Representacion id="1a8b48f6-e765-4b2a-8cab-fddf498ce750">
            <Label x="606" y="221"/>
            <Dimension alto="10" ancho="10"/>
            <Posicion x="634" y="241"/>
        </Representacion>
        <Representacion id="748d3984-6bc4-417e-95f8-ed74fa2b48c4">
            <Label x="576" y="240"/>
            <Dimension alto="10" ancho="10"/>
            <Posicion x="594" y="258"/>
        </Representacion>
        <Representacion id="7633989c-3523-4d14-81b0-812a6cdd3bd3">
            <Dimension alto="50" ancho="80"/>
            <Posicion x="443" y="293"/>
        </Representacion>
        <Representacion id="80142bcc-1a1d-4838-9a64-56edc89db3d4">
            <Dimension alto="50" ancho="80"/>
            <Posicion x="312" y="292"/>
        </Representacion>
        <Representacion id="e88f114b-528e-4422-8c1f-b3776c928946">
            <Label x="340" y="225"/>
            <Dimension alto="10" ancho="10"/>
            <Posicion x="349" y="243"/>
        </Representacion>
        <Representacion id="24614c92-4d1f-4bec-a1be-b20a1f1fb671">
            <Label x="287" y="218"/>
            <Dimension alto="10" ancho="10"/>
            <Posicion x="306" y="238"/>
        </Representacion>
        <Representacion id="bff196b6-88c4-4387-b94f-a47d4bf4382e">
            <Label x="379" y="234"/>
            <Dimension alto="10" ancho="10"/>
            <Posicion x="388" y="251"/>
        </Representacion>
        <Representacion id="ded28c36-aed0-4cca-a4e0-2277f7d7863b">
            <Label x="246" y="238"/>
            <Dimension alto="10" ancho="10"/>
            <Posicion x="266" y="256"/>
        </Representacion>
        <Representacion id="b5186d23-0e37-4f95-b589-f1c88efa5e1f">
            <Label x="423" y="254"/>
            <Dimension alto="10" ancho="10"/>
            <Posicion x="411" y="261"/>
        </Representacion>
        <Representacion id="5349499a-e974-46a2-af63-3394aff62d4a">
            <Dimension alto="50" ancho="80"/>
            <Posicion x="577" y="487"/>
        </Representacion>
        <Representacion id="078b8dcb-6311-4a2f-adf8-51e7e4c77b77">
            <Label x="695" y="480"/>
            <Dimension alto="10" ancho="10"/>
            <Posicion x="681" y="485"/>
        </Representacion>
        <Representacion id="8492a739-71a3-4a88-8c6b-589696a5e6f7">
            <Label x="688" y="515"/>
            <Dimension alto="10" ancho="10"/>
            <Posicion x="674" y="519"/>
        </Representacion>
        <Representacion id="550eaeda-457e-4027-bff3-2727bf37dc50">
            <Label x="651" y="435"/>
            <Dimension alto="10" ancho="10"/>
            <Posicion x="657" y="453"/>
        </Representacion>
        <Representacion id="2dac5341-2f56-4e32-9333-0b06dc27f580">
            <Dimension alto="50" ancho="80"/>
            <Posicion x="456" y="424"/>
        </Representacion>
    </Diagrama>
</Proyecto>
