<?xml version="1.0" encoding="UTF-8" standalone="no"?>
<Proyecto>
    <Diagrama id="2678a244-efc1-4239-bff9-8e0b6df6b9de">
        <Representacion id="cd443bb6-41cf-4d70-98b8-d9625fce7f27">
            <Dimension alto="50" ancho="80"/>
            <Posicion x="668" y="302"/>
        </Representacion>
        <Representacion id="909d44cf-ec8f-490b-af54-66cad4d386bc">
            <Label x="769" y="241"/>
            <Dimension alto="10" ancho="10"/>
            <Posicion x="775" y="259"/>
        </Representacion>
        <Representacion id="3931981d-b269-4efa-8a44-d988a5c63027">
            <Dimension alto="50" ancho="80"/>
            <Posicion x="155" y="151"/>
        </Representacion>
        <Representacion id="07835a50-c911-4aca-a5e2-c2d8637973fc">
            <Dimension alto="50" ancho="80"/>
            <Posicion x="409" y="531"/>
        </Representacion>
        <Representacion id="1b7cea80-e083-4fc4-be60-d6e43fc83019">
            <Label x="393" y="617"/>
            <Dimension alto="10" ancho="10"/>
            <Posicion x="418" y="607"/>
        </Representacion>
        <Representacion id="4ce60b73-a026-42c0-bd34-eb00d24a1481">
            <Dimension alto="50" ancho="80"/>
            <Posicion x="335" y="273"/>
        </Representacion>
        <Representacion id="ac48b2c3-6a82-4a7b-b107-1a27ed4b5611">
            <Dimension alto="50" ancho="80"/>
            <Posicion x="479" y="152"/>
        </Representacion>
        <Representacion id="5cec6588-af1d-4191-b285-f6221de50860">
            <Dimension alto="50" ancho="80"/>
            <Posicion x="669" y="154"/>
        </Representacion>
        <Representacion id="1cf81b34-828c-4f2f-95f7-36d0d6daf371">
            <Dimension alto="50" ancho="80"/>
            <Posicion x="154" y="272"/>
        </Representacion>
        <Representacion id="59d07e53-7a23-46e5-abce-bdcd4d389e7d">
            <Label x="212" y="222"/>
            <Dimension alto="10" ancho="10"/>
            <Posicion x="218" y="240"/>
        </Representacion>
        <Representacion id="bab38e7d-5776-4b1e-9e17-06a030b2caab">
            <Label x="261" y="250"/>
            <Dimension alto="10" ancho="10"/>
            <Posicion x="267" y="268"/>
        </Representacion>
        <Representacion id="95898e8b-ff76-4ddc-ac98-32f353416bea">
            <Dimension alto="50" ancho="80"/>
            <Posicion x="319" y="475"/>
        </Representacion>
        <Representacion id="b6cbb60b-4168-43f7-a627-a3555e0c1d34">
            <Dimension alto="50" ancho="80"/>
            <Posicion x="45" y="512"/>
        </Representacion>
        <Representacion id="aa6df842-e13c-42b6-9e43-43a63414436c">
            <Dimension alto="50" ancho="80"/>
            <Posicion x="282" y="366"/>
        </Representacion>
        <Representacion id="feed9174-585e-4445-ad54-1dcafdcd2a38">
            <Dimension alto="0" ancho="0"/>
            <Posicion x="522" y="495"/>
        </Representacion>
        <Representacion id="46ba09e0-7879-4ad9-b806-57d58111234a">
            <Dimension alto="50" ancho="80"/>
            <Posicion x="334" y="151"/>
        </Representacion>
        <Representacion id="67246368-a58f-46d4-9aa6-bd841fadacda">
            <Label x="364" y="92"/>
            <Dimension alto="10" ancho="10"/>
            <Posicion x="370" y="110"/>
        </Representacion>
        <Representacion id="06ebcd8f-5ede-43b3-95b7-007dab3b1e2f">
            <Label x="318" y="99"/>
            <Dimension alto="10" ancho="10"/>
            <Posicion x="324" y="117"/>
        </Representacion>
        <Representacion id="78fdf7b3-a205-4956-8293-3965cb5b13af">
            <Dimension alto="50" ancho="80"/>
            <Posicion x="478" y="420"/>
        </Representacion>
        <Representacion id="2627da27-8bb4-43f2-a73b-bd0d6076c7a9">
            <Label x="482" y="356"/>
            <Dimension alto="10" ancho="10"/>
            <Posicion x="488" y="374"/>
        </Representacion>
        <Representacion id="9fa3da66-fd52-4745-9822-0f8b4f66ca10">
            <Label x="576" y="399"/>
            <Dimension alto="10" ancho="10"/>
            <Posicion x="582" y="417"/>
        </Representacion>
        <Representacion id="345805d1-bcf1-443f-81e4-e08b0ed1b2b2">
            <Label x="552" y="363"/>
            <Dimension alto="10" ancho="10"/>
            <Posicion x="558" y="381"/>
        </Representacion>
        <Representacion id="6654e321-2994-44ad-b927-5eea0e624306">
            <Dimension alto="50" ancho="80"/>
            <Posicion x="185" y="451"/>
        </Representacion>
        <Representacion id="e8fd1329-f9c4-4a2e-961a-855e0734c958">
            <Label x="71" y="438"/>
            <Dimension alto="10" ancho="10"/>
            <Posicion x="123" y="443"/>
        </Representacion>
        <Representacion id="7abd63a0-574d-4886-aedf-143ff42a76e5">
            <Label x="80" y="416"/>
            <Dimension alto="10" ancho="10"/>
            <Posicion x="124" y="420"/>
        </Representacion>
        <Representacion id="1b53c301-2f6c-49a8-a4fa-6c47d6374dc6">
            <Label x="84" y="484"/>
            <Dimension alto="10" ancho="10"/>
            <Posicion x="125" y="485"/>
        </Representacion>
        <Representacion id="472301a7-aac5-4169-b9f4-c23fd109d5c8">
            <Label x="41" y="464"/>
            <Dimension alto="10" ancho="10"/>
            <Posicion x="123" y="465"/>
        </Representacion>
        <Representacion id="b887a086-dde7-4ca2-90f2-7e5920ff8038">
            <Dimension alto="50" ancho="80"/>
            <Posicion x="669" y="421"/>
        </Representacion>
        <Representacion id="6becf84c-a22a-4c6c-bb59-f6929179945c">
            <Dimension alto="50" ancho="80"/>
            <Posicion x="181" y="582"/>
        </Representacion>
        <Representacion id="edfe599b-4a57-4116-9429-a7ce9a3e2858">
            <Label x="110" y="586"/>
            <Dimension alto="10" ancho="10"/>
            <Posicion x="149" y="590"/>
        </Representacion>
        <Representacion id="b6802cfc-bde7-4ba2-853d-beb76283b549">
            <Label x="100" y="610"/>
            <Dimension alto="10" ancho="10"/>
            <Posicion x="147" y="612"/>
        </Representacion>
        <Representacion id="6824ff61-3c67-42de-9b41-c4dee27f09f5">
            <Dimension alto="50" ancho="80"/>
            <Posicion x="814" y="154"/>
        </Representacion>
        <Representacion id="906c7136-127d-4594-a510-9d49c2ae51b7">
            <Label x="868" y="93"/>
            <Dimension alto="10" ancho="10"/>
            <Posicion x="879" y="110"/>
        </Representacion>
        <Representacion id="49f06f9f-9084-4d49-be7e-081294a4ddec">
            <Label x="808" y="92"/>
            <Dimension alto="10" ancho="10"/>
            <Posicion x="819" y="110"/>
        </Representacion>
        <Representacion id="a779d40d-86f1-4d2c-b1de-3bd78cb673bc">
            <Dimension alto="50" ancho="80"/>
            <Posicion x="560" y="534"/>
        </Representacion>
        <Representacion id="32c641fd-de4f-45bb-bcc9-b1bf1c8207b5">
            <Label x="528" y="631"/>
            <Dimension alto="10" ancho="10"/>
            <Posicion x="567" y="618"/>
        </Representacion>
        <Representacion id="eebd4d21-f79f-443e-8a9e-c4acad49c74d">
            <Label x="613" y="630"/>
            <Dimension alto="10" ancho="10"/>
            <Posicion x="619" y="617"/>
        </Representacion>
    </Diagrama>
</Proyecto>
