<?xml version="1.0" encoding="UTF-8" standalone="no"?>
<Proyecto>
    <Diagrama id="f2df4948-2b1a-435f-9ad7-69c872ee21e1">
        <Representacion id="4ceef096-32cc-40d5-92ed-5680e5fca3a4">
            <Dimension alto="50" ancho="80"/>
            <Posicion x="198" y="302"/>
        </Representacion>
        <Representacion id="2430f47c-61cb-4c0f-8ad9-f05cf080e298">
            <Label x="175" y="244"/>
            <Dimension alto="10" ancho="10"/>
            <Posicion x="193" y="261"/>
        </Representacion>
        <Representacion id="fd8277b0-bc3c-4e22-a465-4c6d96d6ef84">
            <Label x="123" y="319"/>
            <Dimension alto="21" ancho="55"/>
            <Posicion x="113" y="317"/>
        </Representacion>
        <Representacion id="caad9294-2b29-4cff-b711-8f4c356e832a">
            <Label x="59" y="286"/>
            <Dimension alto="10" ancho="10"/>
            <Posicion x="90" y="291"/>
        </Representacion>
        <Representacion id="d0ddcb3d-2130-483b-8477-28bd2965a1c1">
            <Label x="27" y="348"/>
            <Dimension alto="10" ancho="10"/>
            <Posicion x="84" y="349"/>
        </Representacion>
        <Representacion id="d643f82d-065c-4edb-a8d3-4d6edb524f6e">
            <Label x="56" y="320"/>
            <Dimension alto="10" ancho="10"/>
            <Posicion x="87" y="324"/>
        </Representacion>
        <Representacion id="531dc9ae-20d5-45ff-b3d5-d972beb43168">
            <Label x="271" y="243"/>
            <Dimension alto="10" ancho="10"/>
            <Posicion x="277" y="261"/>
        </Representacion>
        <Representacion id="61f3a2fa-df37-4718-bfce-8c68ad99c9b7">
            <Dimension alto="50" ancho="80"/>
            <Posicion x="378" y="155"/>
        </Representacion>
        <Representacion id="b0c518c9-6132-4fed-b314-db23dd8fbdc8">
            <Label x="381" y="108"/>
            <Dimension alto="10" ancho="10"/>
            <Posicion x="387" y="126"/>
        </Representacion>
        <Representacion id="1619219a-e3eb-4727-8694-a45e6fb896d1">
            <Label x="435" y="109"/>
            <Dimension alto="10" ancho="10"/>
            <Posicion x="441" y="127"/>
        </Representacion>
        <Representacion id="394eee43-227e-4d76-ae1f-9feb4aafe962">
            <Dimension alto="50" ancho="80"/>
            <Posicion x="199" y="154"/>
        </Representacion>
        <Representacion id="7aab0e98-d29f-41df-a43c-56f3ea31efc2">
            <Label x="254" y="91"/>
            <Dimension alto="10" ancho="10"/>
            <Posicion x="260" y="109"/>
        </Representacion>
        <Representacion id="5763a98c-117c-4aec-aeda-e5b497fb700f">
            <Label x="307" y="96"/>
            <Dimension alto="10" ancho="10"/>
            <Posicion x="313" y="114"/>
        </Representacion>
        <Representacion id="059967af-37ee-4683-9d79-faf1838e7e19">
            <Label x="201" y="91"/>
            <Dimension alto="10" ancho="10"/>
            <Posicion x="219" y="111"/>
        </Representacion>
        <Representacion id="3f576a89-389b-47f8-90be-278de139aa29">
            <Label x="172" y="100"/>
            <Dimension alto="10" ancho="10"/>
            <Posicion x="178" y="118"/>
        </Representacion>
        <Representacion id="86a2307c-734c-45b0-b232-4944f653e05c">
            <Dimension alto="50" ancho="80"/>
            <Posicion x="545" y="301"/>
        </Representacion>
        <Representacion id="d8909fb0-30ce-4249-a7f0-53fcf8d6f5c2">
            <Label x="602" y="249"/>
            <Dimension alto="10" ancho="10"/>
            <Posicion x="608" y="267"/>
        </Representacion>
        <Representacion id="7d736682-3d6f-4207-801e-17f7c56ab498">
            <Label x="552" y="247"/>
            <Dimension alto="10" ancho="10"/>
            <Posicion x="568" y="265"/>
        </Representacion>
        <Representacion id="0bf041b6-8c6d-4f2f-ad97-907683812e47">
            <Dimension alto="50" ancho="80"/>
            <Posicion x="536" y="154"/>
        </Representacion>
        <Representacion id="e353f592-ddb8-489c-bc26-eadb1fe0372c">
            <Label x="553" y="89"/>
            <Dimension alto="10" ancho="10"/>
            <Posicion x="562" y="107"/>
        </Representacion>
        <Representacion id="9e4f2271-d6fc-40b9-b634-13b14a72cc8c">
            <Label x="502" y="105"/>
            <Dimension alto="10" ancho="10"/>
            <Posicion x="522" y="124"/>
        </Representacion>
        <Representacion id="6353a848-fcc4-4306-971b-bec4422f07b4">
            <Label x="649" y="213"/>
            <Dimension alto="10" ancho="10"/>
            <Posicion x="634" y="217"/>
        </Representacion>
        <Representacion id="b454566e-9bc6-4359-919c-418eb50ee187">
            <Label x="623" y="122"/>
            <Dimension alto="21" ancho="66"/>
            <Posicion x="613" y="120"/>
        </Representacion>
        <Representacion id="ffdb2d47-97e9-4229-a870-3ce45405b0d2">
            <Label x="677" y="90"/>
            <Dimension alto="10" ancho="10"/>
            <Posicion x="683" y="108"/>
        </Representacion>
        <Representacion id="28f906e0-b84d-4702-b1a3-7836fdda6146">
            <Label x="631" y="84"/>
            <Dimension alto="10" ancho="10"/>
            <Posicion x="637" y="102"/>
        </Representacion>
        <Representacion id="da3b0f58-750f-4b8a-beac-5a1a4e3002fe">
            <Label x="644" y="164"/>
            <Dimension alto="21" ancho="55"/>
            <Posicion x="634" y="162"/>
        </Representacion>
        <Representacion id="e8c088aa-17ff-4e3d-a256-72759d00aae6">
            <Label x="695" y="124"/>
            <Dimension alto="10" ancho="10"/>
            <Posicion x="701" y="142"/>
        </Representacion>
        <Representacion id="be7bb8c8-e0f9-4b87-bb78-26e487b093a0">
            <Label x="704" y="177"/>
            <Dimension alto="10" ancho="10"/>
            <Posicion x="710" y="195"/>
        </Representacion>
        <Representacion id="f3159932-9dbc-4864-9dbb-c1356e5b4f0c">
            <Label x="706" y="150"/>
            <Dimension alto="10" ancho="10"/>
            <Posicion x="712" y="168"/>
        </Representacion>
        <Representacion id="0f5220b0-b0cd-40be-9fde-ca43d5f515d4">
            <Dimension alto="50" ancho="80"/>
            <Posicion x="373" y="302"/>
        </Representacion>
        <Representacion id="ca22a5ed-25cf-4394-add4-0080c008dcde">
            <Dimension alto="0" ancho="0"/>
            <Posicion x="238" y="228"/>
        </Representacion>
    </Diagrama>
</Proyecto>
