<?xml version="1.0" encoding="UTF-8" standalone="no"?>
<Proyecto>
    <Diagrama id="2b03bbfd-8f87-4510-9c9b-10c78ea9f703">
        <Representacion id="b6126794-9ca3-433e-9d33-1da6bd9753a3">
            <Dimension alto="0" ancho="0"/>
            <Posicion x="200" y="235"/>
        </Representacion>
        <Representacion id="10f7842d-1964-4afe-b6e9-7651b2417a96">
            <Dimension alto="50" ancho="80"/>
            <Posicion x="643" y="426"/>
        </Representacion>
        <Representacion id="a0f7a9fb-6714-4e2c-ac6b-9bc7088747f7">
            <Label x="656" y="483"/>
            <Dimension alto="10" ancho="10"/>
            <Posicion x="662" y="501"/>
        </Representacion>
        <Representacion id="a35d4473-b60a-4e55-a6be-5edc5e313ad1">
            <Label x="692" y="379"/>
            <Dimension alto="21" ancho="75"/>
            <Posicion x="682" y="377"/>
        </Representacion>
        <Representacion id="3f0f4e42-2487-448d-adba-89da86ebf313">
            <Label x="771" y="359"/>
            <Dimension alto="10" ancho="10"/>
            <Posicion x="777" y="377"/>
        </Representacion>
        <Representacion id="1bfd559a-1bbc-480f-a996-176108c2a832">
            <Label x="771" y="379"/>
            <Dimension alto="10" ancho="10"/>
            <Posicion x="777" y="397"/>
        </Representacion>
        <Representacion id="37a57a3f-35db-4871-9522-beb9d3d47dc8">
            <Dimension alto="50" ancho="80"/>
            <Posicion x="485" y="142"/>
        </Representacion>
        <Representacion id="4a0d9c38-8d4f-4ec6-831b-0ecd025a3373">
            <Dimension alto="50" ancho="80"/>
            <Posicion x="351" y="466"/>
        </Representacion>
        <Representacion id="8da4319f-e721-4a6b-9fa1-4ff6d2f5d9bc">
            <Label x="376" y="538"/>
            <Dimension alto="21" ancho="49"/>
            <Posicion x="366" y="536"/>
        </Representacion>
        <Representacion id="055a9e74-658b-4c15-a9a5-9dd8d8d036b8">
            <Label x="429" y="538"/>
            <Dimension alto="10" ancho="10"/>
            <Posicion x="435" y="556"/>
        </Representacion>
        <Representacion id="3f2e2486-5c42-460d-8c75-5c5d1b848a73">
            <Label x="429" y="518"/>
            <Dimension alto="10" ancho="10"/>
            <Posicion x="435" y="536"/>
        </Representacion>
        <Representacion id="4fdf2420-69b6-4b95-b726-d191ad903b20">
            <Dimension alto="50" ancho="80"/>
            <Posicion x="447" y="215"/>
        </Representacion>
        <Representacion id="c047527f-bf92-44ea-b3c1-57bc0b820e54">
            <Dimension alto="50" ancho="80"/>
            <Posicion x="250" y="413"/>
        </Representacion>
        <Representacion id="926a1534-0f7d-4acf-85c9-15c12a856166">
            <Label x="281" y="475"/>
            <Dimension alto="10" ancho="10"/>
            <Posicion x="287" y="493"/>
        </Representacion>
        <Representacion id="37a9e16a-0e26-445a-a53a-1862f3d0d570">
            <Dimension alto="50" ancho="80"/>
            <Posicion x="685" y="76"/>
        </Representacion>
        <Representacion id="94d15440-f692-40b6-b5de-38a04474014d">
            <Dimension alto="50" ancho="80"/>
            <Posicion x="446" y="332"/>
        </Representacion>
        <Representacion id="bc250bde-daff-4819-a65a-31d738aa11dc">
            <Label x="402" y="309"/>
            <Dimension alto="10" ancho="10"/>
            <Posicion x="408" y="327"/>
        </Representacion>
        <Representacion id="e778474f-1473-43ab-a4ab-5f703398daff">
            <Label x="538" y="274"/>
            <Dimension alto="21" ancho="68"/>
            <Posicion x="528" y="272"/>
        </Representacion>
        <Representacion id="0d50a1f2-e175-4709-9b96-20f41b275181">
            <Label x="610" y="274"/>
            <Dimension alto="10" ancho="10"/>
            <Posicion x="616" y="292"/>
        </Representacion>
        <Representacion id="ab49493a-aa9b-4537-9aef-4a56dc7991d2">
            <Label x="610" y="254"/>
            <Dimension alto="10" ancho="10"/>
            <Posicion x="616" y="272"/>
        </Representacion>
        <Representacion id="dfa7e296-b019-4b2f-a92b-b3d6f7d69387">
            <Label x="571" y="367"/>
            <Dimension alto="21" ancho="65"/>
            <Posicion x="561" y="365"/>
        </Representacion>
        <Representacion id="5113d0f1-55f2-4dba-bde6-fae494f16031">
            <Label x="640" y="367"/>
            <Dimension alto="10" ancho="10"/>
            <Posicion x="646" y="385"/>
        </Representacion>
        <Representacion id="68b1c159-6375-4215-a7df-2a1f560419a7">
            <Label x="640" y="347"/>
            <Dimension alto="10" ancho="10"/>
            <Posicion x="646" y="365"/>
        </Representacion>
        <Representacion id="647b2d90-9654-41f3-8f22-f417ca85f260">
            <Label x="376" y="350"/>
            <Dimension alto="10" ancho="10"/>
            <Posicion x="382" y="368"/>
        </Representacion>
        <Representacion id="dd840452-81a2-4806-a628-8434a608a222">
            <Label x="426" y="274"/>
            <Dimension alto="10" ancho="10"/>
            <Posicion x="432" y="292"/>
        </Representacion>
        <Representacion id="3dfa8224-0113-4d0c-be96-814fe43a94f5">
            <Label x="576" y="315"/>
            <Dimension alto="21" ancho="68"/>
            <Posicion x="566" y="313"/>
        </Representacion>
        <Representacion id="fef35e97-2035-4389-903d-cc79f68a1565">
            <Label x="648" y="315"/>
            <Dimension alto="10" ancho="10"/>
            <Posicion x="654" y="333"/>
        </Representacion>
        <Representacion id="784ad417-772e-4392-b1c5-ac1304f4a58c">
            <Label x="648" y="295"/>
            <Dimension alto="10" ancho="10"/>
            <Posicion x="654" y="313"/>
        </Representacion>
        <Representacion id="40acba8d-6014-4614-98d3-84725116270d">
            <Dimension alto="50" ancho="80"/>
            <Posicion x="160" y="156"/>
        </Representacion>
        <Representacion id="cae19cc6-f4ee-4442-93c3-e78674441ef8">
            <Label x="264" y="196"/>
            <Dimension alto="21" ancho="71"/>
            <Posicion x="254" y="194"/>
        </Representacion>
        <Representacion id="894348a2-9192-411a-9d23-b0acf745cbec">
            <Label x="333" y="181"/>
            <Dimension alto="10" ancho="10"/>
            <Posicion x="339" y="199"/>
        </Representacion>
        <Representacion id="10752225-39a6-44f6-8e8e-f95187189b22">
            <Label x="324" y="236"/>
            <Dimension alto="10" ancho="10"/>
            <Posicion x="313" y="227"/>
        </Representacion>
        <Representacion id="1dd93e19-7bd0-4249-90d0-8f536b940289">
            <Label x="312" y="158"/>
            <Dimension alto="10" ancho="10"/>
            <Posicion x="318" y="176"/>
        </Representacion>
        <Representacion id="f730ae09-7e16-471e-aea1-2dd427220c18">
            <Label x="59" y="178"/>
            <Dimension alto="10" ancho="10"/>
            <Posicion x="102" y="205"/>
        </Representacion>
        <Representacion id="fa0b56c8-5ccc-494c-8380-dd8ce14d413f">
            <Label x="155" y="108"/>
            <Dimension alto="10" ancho="10"/>
            <Posicion x="161" y="126"/>
        </Representacion>
        <Representacion id="00627fd7-28c4-46f5-a61e-de837911d4aa">
            <Label x="82" y="87"/>
            <Dimension alto="10" ancho="10"/>
            <Posicion x="88" y="105"/>
        </Representacion>
        <Representacion id="bc0a5d90-5f13-4250-b947-1b3e14c7c7b5">
            <Dimension alto="50" ancho="80"/>
            <Posicion x="805" y="76"/>
        </Representacion>
        <Representacion id="5f7e0576-a97a-49e7-8668-d1507810792f">
            <Label x="872" y="32"/>
            <Dimension alto="10" ancho="10"/>
            <Posicion x="878" y="50"/>
        </Representacion>
        <Representacion id="340a2c0e-c608-433d-886d-9d150de1ec9a">
            <Label x="813" y="24"/>
            <Dimension alto="10" ancho="10"/>
            <Posicion x="819" y="42"/>
        </Representacion>
        <Representacion id="1b0501c5-c969-4c46-b55b-feedda8734d6">
            <Dimension alto="50" ancho="80"/>
            <Posicion x="81" y="469"/>
        </Representacion>
        <Representacion id="950174a5-8c0c-461b-9c25-2531e786ba45">
            <Label x="126" y="411"/>
            <Dimension alto="10" ancho="10"/>
            <Posicion x="132" y="429"/>
        </Representacion>
        <Representacion id="e14dbde7-13d0-4712-8fd4-a449db0a6262">
            <Label x="73" y="420"/>
            <Dimension alto="10" ancho="10"/>
            <Posicion x="79" y="438"/>
        </Representacion>
        <Representacion id="b38fe73d-a153-4940-9fb7-e7a874101d4f">
            <Label x="169" y="424"/>
            <Dimension alto="10" ancho="10"/>
            <Posicion x="175" y="442"/>
        </Representacion>
        <Representacion id="dc035f31-912d-43f7-b1ae-21699dcc5112">
            <Dimension alto="50" ancho="80"/>
            <Posicion x="407" y="72"/>
        </Representacion>
        <Representacion id="562648d2-14ee-4225-a759-c369be4bc7ec">
            <Label x="442" y="16"/>
            <Dimension alto="10" ancho="10"/>
            <Posicion x="448" y="34"/>
        </Representacion>
        <Representacion id="39cfceb3-7584-420d-9c67-3b8d517c60db">
            <Label x="478" y="15"/>
            <Dimension alto="10" ancho="10"/>
            <Posicion x="484" y="33"/>
        </Representacion>
        <Representacion id="221f5c6e-50ae-4509-828e-bee65f09e098">
            <Label x="377" y="21"/>
            <Dimension alto="10" ancho="10"/>
            <Posicion x="398" y="39"/>
        </Representacion>
        <Representacion id="904bf8fb-caa3-42fe-8dba-d20ddd6c5613">
            <Dimension alto="0" ancho="0"/>
            <Posicion x="485" y="422"/>
        </Representacion>
        <Representacion id="b3420aa4-bc15-492a-99b2-dc60ca66f6f0">
            <Dimension alto="50" ancho="80"/>
            <Posicion x="74" y="271"/>
        </Representacion>
        <Representacion id="b65fd334-904b-47b2-886c-067459ce0691">
            <Label x="168" y="253"/>
            <Dimension alto="10" ancho="10"/>
            <Posicion x="174" y="271"/>
        </Representacion>
        <Representacion id="f3205af4-59c4-4e0a-8ced-772315bd3c86">
            <Label x="168" y="273"/>
            <Dimension alto="10" ancho="10"/>
            <Posicion x="174" y="291"/>
        </Representacion>
        <Representacion id="6ca308ae-3792-44b2-93fa-f847c0654c70">
            <Label x="168" y="293"/>
            <Dimension alto="10" ancho="10"/>
            <Posicion x="174" y="311"/>
        </Representacion>
        <Representacion id="b285533c-444c-4940-8c3d-3cf7a4aaaf1d">
            <Label x="38" y="355"/>
            <Dimension alto="10" ancho="10"/>
            <Posicion x="57" y="346"/>
        </Representacion>
        <Representacion id="ca757968-8cfe-4181-a909-2532a88ae4e8">
            <Label x="168" y="333"/>
            <Dimension alto="10" ancho="10"/>
            <Posicion x="174" y="351"/>
        </Representacion>
        <Representacion id="202c25f7-2d18-4889-9a7a-8401aea11933">
            <Label x="93" y="357"/>
            <Dimension alto="10" ancho="10"/>
            <Posicion x="109" y="347"/>
        </Representacion>
        <Representacion id="66d2a185-e846-48b5-ba35-eec6c00f4293">
            <Label x="168" y="373"/>
            <Dimension alto="10" ancho="10"/>
            <Posicion x="174" y="391"/>
        </Representacion>
        <Representacion id="cd0aaf1b-02e5-4526-8676-2b3573ea0763">
            <Label x="152" y="357"/>
            <Dimension alto="10" ancho="10"/>
            <Posicion x="157" y="346"/>
        </Representacion>
        <Representacion id="0d08c2ba-4960-43c3-a5bc-b10f88d2235a">
            <Dimension alto="50" ancho="80"/>
            <Posicion x="565" y="73"/>
        </Representacion>
        <Representacion id="d84e6529-74fd-4025-b9ad-bc0dd45458c3">
            <Label x="623" y="23"/>
            <Dimension alto="10" ancho="10"/>
            <Posicion x="629" y="41"/>
        </Representacion>
        <Representacion id="c9e86a29-981d-49cd-a643-3d3ef1d54d69">
            <Label x="570" y="21"/>
            <Dimension alto="10" ancho="10"/>
            <Posicion x="576" y="39"/>
        </Representacion>
        <Representacion id="03ab8624-2688-41ef-9f59-711fd6c9d2e1">
            <Dimension alto="50" ancho="80"/>
            <Posicion x="809" y="474"/>
        </Representacion>
        <Representacion id="da655c60-c03a-46fc-bc11-7becace7767b">
            <Label x="809" y="413"/>
            <Dimension alto="10" ancho="10"/>
            <Posicion x="815" y="431"/>
        </Representacion>
        <Representacion id="81db629e-44db-414c-9fc1-b80f827273c2">
            <Label x="905" y="421"/>
            <Dimension alto="10" ancho="10"/>
            <Posicion x="911" y="439"/>
        </Representacion>
        <Representacion id="3371771e-aa19-4cc6-8e38-7694dae35493">
            <Label x="862" y="409"/>
            <Dimension alto="10" ancho="10"/>
            <Posicion x="868" y="427"/>
        </Representacion>
        <Representacion id="6a42c604-242a-40b8-a062-f8e15974dd43">
            <Dimension alto="50" ancho="80"/>
            <Posicion x="248" y="279"/>
        </Representacion>
        <Representacion id="19bf90b9-de0c-45c2-9252-269d2096fb98">
            <Label x="243" y="364"/>
            <Dimension alto="10" ancho="10"/>
            <Posicion x="260" y="349"/>
        </Representacion>
        <Representacion id="1a609c62-8b01-4f85-9c8e-2923619feca4">
            <Label x="300" y="365"/>
            <Dimension alto="10" ancho="10"/>
            <Posicion x="307" y="351"/>
        </Representacion>
        <Representacion id="af2eb28f-8bd8-4d8b-bad4-bbf28cb6eee7">
            <Dimension alto="50" ancho="80"/>
            <Posicion x="286" y="76"/>
        </Representacion>
        <Representacion id="bc48341f-b39d-4b43-a4c0-8b7261278ff1">
            <Dimension alto="50" ancho="80"/>
            <Posicion x="540" y="468"/>
        </Representacion>
        <Representacion id="ab4fe4c6-8f7e-47e2-bec9-1cf67198f30f">
            <Label x="558" y="549"/>
            <Dimension alto="21" ancho="62"/>
            <Posicion x="548" y="547"/>
        </Representacion>
        <Representacion id="9242f1ef-ad24-4a34-812e-a20fc738ec6d">
            <Label x="624" y="529"/>
            <Dimension alto="10" ancho="10"/>
            <Posicion x="630" y="547"/>
        </Representacion>
        <Representacion id="a269a4d9-8a9a-4ee8-9b23-a777eba65375">
            <Label x="624" y="549"/>
            <Dimension alto="10" ancho="10"/>
            <Posicion x="630" y="567"/>
        </Representacion>
    </Diagrama>
</Proyecto>
